x_re100_jnl,v_re100_jnl,x_re100_ghia,v_re100_ghia,x_re400_jnl,v_re400_jnl,x_re400_ghia,v_re400_ghia,x_re1000_jnl,v_re1000_jnl,x_re1000_ghia,v_re1000_ghia
0.003875968992,0.007272285541,1,0,0.003875968992,0.01645396233,1,0,0.003875968992,0.02904119696,1,0
0.01162790698,0.02107555025,0.9688,-0.05906,0.01162790698,0.04654642311,0.9688,-0.12146,0.01162790698,0.08043693606,0.9688,-0.21388
0.01937984496,0.03414782181,0.9609,-0.07391,0.01937984496,0.07394355433,0.9609,-0.15663,0.01937984496,0.1252866083,0.9609,-0.27669
0.02713178295,0.04650146701,0.9531,-0.08864,0.02713178295,0.09877211074,0.9531,-0.19254,0.02713178295,0.1638172948,0.9531,-0.33714
0.03488372093,0.05815072764,0.9453,-0.10313,0.03488372093,0.1211705847,0.9453,-0.22847,0.03488372093,0.1964588593,0.9453,-0.39188
0.04263565891,0.06911170901,0.9063,-0.16914,0.04263565891,0.1412941166,0.8594,-0.44993,0.04263565891,0.223858123,0.9063,-0.515
0.0503875969,0.0794021016,0.8594,-0.22445,0.0503875969,0.159312642,0.8047,-0.38598,0.0503875969,0.2468083673,0.8594,-0.42665
0.05813953488,0.08904090634,0.8047,-0.24533,0.05813953488,0.1754070209,0.5,0.05186,0.05813953488,0.2661467462,0.8047,-0.31966
0.06589147287,0.09804819405,0.5,0.05454,0.06589147287,0.1897642351,0.2344,0.30174,0.06589147287,0.2826564267,0.5,0.02526
0.07364341085,0.1064448699,0.2344,0.17527,0.07364341085,0.2025719719,0.2266,0.30203,0.07364341085,0.2969952428,0.2344,0.32235
0.08139534884,0.1142524636,0.2266,0.17507,0.08139534884,0.2140131494,0.1563,0.28124,0.08139534884,0.3096595457,0.2266,0.33075
0.08914728682,0.1214929199,0.1563,0.16077,0.08914728682,0.2242608631,0.0938,0.22965,0.08914728682,0.3209809274,0.1563,0.37095
0.09689922481,0.1281884128,0.0938,0.12317,0.09689922481,0.2334741393,0.0781,0.2092,0.09689922481,0.3311468251,0.0938,0.32627
0.1046511628,0.1343611667,0.0781,0.1089,0.1046511628,0.241794707,0.0703,0.19713,0.1046511628,0.3402338391,0.0781,0.30353
0.1124031008,0.1400332912,0.0703,0.10091,0.1124031008,0.2493449008,0.0625,0.1836,0.1124031008,0.3482440052,0.0703,0.29012
0.1201550388,0.1452266261,0.0625,0.09233,0.1201550388,0.2562266823,0,0,0.1201550388,0.3551373553,0.0625,0.27485
0.1279069767,0.1499626148,0,0,0.1279069767,0.2625216951,,,0.1279069767,0.3608574479,0,0
0.1356589147,0.1542621696,,,0.1356589147,0.2682921889,,,0.1356589147,0.3653493665,,
0.1434108527,0.1581455695,,,0.1434108527,0.2735826262,,,0.1434108527,0.3685710522,,
0.1511627907,0.1616323612,,,0.1511627907,0.2784217608,,,0.1511627907,0.3704996405,,
0.1589147287,0.1647412824,,,0.1589147287,0.2828249896,,,0.1589147287,0.3711342697,,
0.1666666667,0.1674901965,,,0.1666666667,0.2867968145,,,0.1666666667,0.3704966001,,
0.1744186047,0.1698960321,,,0.1744186047,0.2903332366,,,0.1744186047,0.3686297779,,
0.1821705426,0.1719747435,,,0.1821705426,0.2934240288,,,0.1821705426,0.3655964446,,
0.1899224806,0.1737412822,,,0.1899224806,0.2960547511,,,0.1899224806,0.3614760089,,
0.1976744186,0.175209573,,,0.1976744186,0.2982085395,,,0.1976744186,0.3563614617,,
0.2054263566,0.1763925087,,,0.2054263566,0.299867602,,,0.2054263566,0.3503558627,,
0.2131782946,0.1773019519,,,0.2131782946,0.3010144563,,,0.2131782946,0.3435686768,,
0.2209302326,0.1779487407,,,0.2209302326,0.301632925,,,0.2209302326,0.3361121264,,
0.2286821705,0.1783427071,,,0.2286821705,0.3017089172,,,0.2286821705,0.3280977188,,
0.2364341085,0.1784926987,,,0.2364341085,0.3012310224,,,0.2364341085,0.3196331047,,
0.2441860465,0.1784066067,,,0.2441860465,0.3001909425,,,0.2441860465,0.3108193907,,
0.2519379845,0.1780914023,,,0.2519379845,0.2985838045,,,0.2519379845,0.3017490075,,
0.2596899225,0.1775531788,,,0.2596899225,0.2964083434,,,0.2596899225,0.292504154,,
0.2674418605,0.176797191,,,0.2674418605,0.2936670091,,,0.2674418605,0.2831558693,,
0.2751937984,0.1758278949,,,0.2751937984,0.290365966,,,0.2751937984,0.2737636424,,
0.2829457364,0.1746490023,,,0.2829457364,0.2865150309,,,0.2829457364,0.2643755558,,
0.2906976744,0.1732635264,,,0.2906976744,0.2821275373,,,0.2906976744,0.2550288339,,
0.2984496124,0.171673825,,,0.2984496124,0.2772201437,,,0.2984496124,0.2457507558,,
0.3062015504,0.1698816571,,,0.3062015504,0.2718125808,,,0.3062015504,0.2365597703,,
0.3139534884,0.1678882324,,,0.3139534884,0.2659273489,,,0.3139534884,0.2274667576,,
0.3217054264,0.1656942545,,,0.3217054264,0.2595893786,,,0.3217054264,0.2184763444,,
0.3294573643,0.1632999758,,,0.3294573643,0.2528256505,,,0.3294573643,0.2095881909,,
0.3372093023,0.1607052507,,,0.3372093023,0.2456647968,,,0.3372093023,0.2007982132,,
0.3449612403,0.157909561,,,0.3449612403,0.2381366858,,,0.3449612403,0.1920996667,,
0.3527131783,0.1549120878,,,0.3527131783,0.230271992,,,0.3527131783,0.1834840971,,
0.3604651163,0.1517117402,,,0.3604651163,0.2221017899,,,0.3604651163,0.1749421379,,
0.3682170543,0.1483072019,,,0.3682170543,0.2136571391,,,0.3682170543,0.1664641385,,
0.3759689922,0.1446969737,,,0.3759689922,0.2049687064,,,0.3759689922,0.1580406434,,
0.3837209302,0.14087942,,,0.3837209302,0.1960664152,,,0.3837209302,0.1496627426,,
0.3914728682,0.1368528097,,,0.3914728682,0.1869791203,,,0.3914728682,0.1413222914,,
0.3992248062,0.1326153384,,,0.3992248062,0.1777343373,,,0.3992248062,0.1330120384,,
0.4069767442,0.1281651941,,,0.4069767442,0.1683580068,,,0.4069767442,0.1247256667,,
0.4147286822,0.1235005811,,,0.4147286822,0.1588743039,,,0.4147286822,0.1164577766,,
0.4224806202,0.118619763,,,0.4224806202,0.1493055012,,,0.4224806202,0.1082038329,,
0.4302325581,0.1135211021,,,0.4302325581,0.1396718693,,,0.4302325581,0.09996006573,,
0.4379844961,0.1082031,,,0.4379844961,0.129991621,,,0.4379844961,0.09172337352,,
0.4457364341,0.102664437,,,0.4457364341,0.1202809029,,,0.4457364341,0.08349120812,,
0.4534883721,0.09690401063,,,0.4534883721,0.1105538068,,,0.4534883721,0.07526146311,,
0.4612403101,0.09092098797,,,0.4612403101,0.1008224294,,,0.4612403101,0.06703237281,,
0.4689922481,0.08471484415,,,0.4689922481,0.09109694671,,,0.4689922481,0.05880241494,,
0.476744186,0.0782854023,,,0.476744186,0.08138571058,,,0.476744186,0.05057023123,,
0.484496124,0.07163289594,,,0.484496124,0.07169536706,,,0.484496124,0.0423345594,,
0.492248062,0.0647580027,,,0.492248062,0.06203097343,,,0.492248062,0.03409417259,,
0.5,0.05766190826,,,0.5,0.05239613017,,,0.5,0.02584783751,,
0.507751938,0.05034636569,,,0.507751938,0.04279310571,,,0.507751938,0.01759427776,,
0.515503876,0.04281373927,,,0.515503876,0.03322295682,,,0.515503876,0.009332150253,,
0.523255814,0.03506708779,,,0.523255814,0.02368564228,,,0.523255814,0.001060029573,,
0.5310077519,0.02711021497,,,0.5310077519,0.01418012497,,,0.5310077519,-0.007223594798,,
0.5387596899,0.01894774149,,,0.5387596899,0.004704450132,,,0.5387596899,-0.01552032553,,
0.5465116279,0.01058518807,,,0.5465116279,-0.0047441883,,,0.5465116279,-0.02383184863,,
0.5542635659,0.002029045969,,,0.5542635659,-0.01416940482,,,0.5542635659,-0.03215991991,,
0.5620155039,-0.00671313643,,,0.5620155039,-0.02357560899,,,0.5620155039,-0.04050635557,,
0.5697674419,-0.01563266826,,,0.5697674419,-0.03296801206,,,0.5697674419,-0.04887300485,,
0.5775193798,-0.02471962916,,,0.5775193798,-0.04235265855,,,0.5775193798,-0.05726172166,,
0.5852713178,-0.03396277323,,,0.5852713178,-0.05173648926,,,0.5852713178,-0.06567432811,,
0.5930232558,-0.04334941956,,,0.5930232558,-0.06112743243,,,0.5930232558,-0.07411258298,,
0.6007751938,-0.05286536698,,,0.6007751938,-0.07053451464,,,0.6007751938,-0.08257811913,,
0.6085271318,-0.06249479089,,,0.6085271318,-0.07996799859,,,0.6085271318,-0.0910723949,,
0.6162790698,-0.07222012182,,,0.6162790698,-0.08943954181,,,0.6162790698,-0.09959662664,,
0.6240310078,-0.082021961,,,0.6240310078,-0.0989623702,,,0.6240310078,-0.108151719,,
0.6317829457,-0.09187897677,,,0.6317829457,-0.108551455,,,0.6317829457,-0.1167381837,,
0.6395348837,-0.1017677884,,,0.6395348837,-0.1182236915,,,0.6395348837,-0.1253560527,,
0.6472868217,-0.1116628926,,,0.6472868217,-0.1279980665,,,0.6472868217,-0.1340048057,,
0.6550387597,-0.1215365747,,,0.6550387597,-0.1378957919,,,0.6550387597,-0.142683284,,
0.6627906977,-0.131358837,,,0.6627906977,-0.147940382,,,0.6627906977,-0.1513896157,,
0.6705426357,-0.141097345,,,0.6705426357,-0.1581576572,,,0.6705426357,-0.1601211761,,
0.6782945736,-0.1507173824,,,0.6782945736,-0.1685756501,,,0.6782945736,-0.168874583,,
0.6860465116,-0.1601818464,,,0.6860465116,-0.1792243535,,,0.6860465116,-0.1776457389,,
0.6937984496,-0.1694512542,,,0.6937984496,-0.1901352961,,,0.6937984496,-0.1864299639,,
0.7015503876,-0.1784838021,,,0.7015503876,-0.2013408763,,,0.7015503876,-0.1952222386,,
0.7093023256,-0.1872354503,,,0.7093023256,-0.2128734105,,,0.7093023256,-0.2040176064,,
0.7170542636,-0.1956600505,,,0.7170542636,-0.2247638438,,,0.7170542636,-0.2128117941,,
0.7248062016,-0.2037095198,,,0.7248062016,-0.2370400563,,,0.7248062016,-0.2216020885,,
0.7325581395,-0.2113340821,,,0.7325581395,-0.2497247128,,,0.7325581395,-0.2303885513,,
0.7403100775,-0.218482562,,,0.7403100775,-0.2628326148,,,0.7403100775,-0.2391756604,,
0.7480620155,-0.2251027384,,,0.7480620155,-0.2763675127,,,0.7480620155,-0.2479743843,,
0.7558139535,-0.2311417602,,,0.7558139535,-0.2903183816,,,0.7558139535,-0.2568048165,,
0.7635658915,-0.2365466288,,,0.7635658915,-0.3046551734,,,0.7635658915,-0.2656992912,,
0.7713178295,-0.2412647467,,,0.7713178295,-0.3193241344,,,0.7713178295,-0.2747059459,,
0.7790697674,-0.2452445414,,,0.7790697674,-0.3342427975,,,0.7790697674,-0.283892515,,
0.7868217054,-0.2484361185,,,0.7868217054,-0.3492949067,,,0.7868217054,-0.2933499679,,
0.7945736434,-0.2507919794,,,0.7945736434,-0.3643255402,,,0.7945736434,-0.3031954272,,
0.8023255814,-0.2522677928,,,0.8023255814,-0.3791368683,,,0.8023255814,-0.3135733646,,
0.8100775194,-0.2528231591,,,0.8100775194,-0.3934850341,,,0.8100775194,-0.3246538308,,
0.8178294574,-0.2524224208,,,0.8178294574,-0.4070787977,,,0.8178294574,-0.3366261374,,
0.8255813953,-0.2510354493,,,0.8255813953,-0.4195806046,,,0.8255813953,-0.3496860345,,
0.8333333333,-0.2486384034,,,0.8333333333,-0.4306107661,,,0.8333333333,-0.3640143735,,
0.8410852713,-0.2452144449,,,0.8410852713,-0.4397554015,,,0.8410852713,-0.379745534,,
0.8488372093,-0.2407543859,,,0.8488372093,-0.4465786329,,,0.8488372093,-0.3969246112,,
0.8565891473,-0.2352572412,,,0.8565891473,-0.4506392093,,,0.8565891473,-0.4154538712,,
0.8643410853,-0.2287306818,,,0.8643410853,-0.4515113557,,,0.8643410853,-0.4350312405,,
0.8720930233,-0.2211913278,,,0.8720930233,-0.4488090971,,,0.8720930233,-0.4550870022,,
0.8798449612,-0.2126649271,,,0.8798449612,-0.4422126594,,,0.8798449612,-0.4747286087,,
0.8875968992,-0.2031863561,,,0.8875968992,-0.431495018,,,0.8875968992,-0.4927079611,,
0.8953488372,-0.1927994582,,,0.8953488372,-0.4165461375,,,0.8953488372,-0.5074289858,,
0.9031007752,-0.1815567135,,,0.9031007752,-0.3973922206,,,0.9031007752,-0.5170145682,,
0.9108527132,-0.1695187334,,,0.9108527132,-0.3742074515,,,0.9108527132,-0.5194487136,,
0.9186046512,-0.1567536116,,,0.9186046512,-0.347316237,,,0.9186046512,-0.5127992861,,
0.9263565891,-0.1433361136,,,0.9263565891,-0.3171848955,,,0.9263565891,-0.4955074798,,
0.9341085271,-0.1293467669,,,0.9341085271,-0.2844029906,,,0.9341085271,-0.4667034689,,
0.9418604651,-0.1148708155,,,0.9418604651,-0.249655738,,,0.9418604651,-0.4264804299,,
0.9496124031,-0.09999712314,,,0.9496124031,-0.2136899923,,,0.9496124031,-0.3760453999,,
0.9573643411,-0.08481702987,,,0.9573643411,-0.1772770082,,,0.9573643411,-0.3176798585,,
0.9651162791,-0.06942319546,,,0.9651162791,-0.1411752992,,,0.9651162791,-0.2544912707,,
0.9728682171,-0.05390847019,,,0.9728682171,-0.1060964525,,,0.9728682171,-0.1900027054,,
0.980620155,-0.03836455118,,,0.980620155,-0.07267550482,,,0.980620155,-0.1276788419,,
0.988372093,-0.02288085819,,,0.988372093,-0.04144782014,,,0.988372093,-0.07049740439,,
0.996124031,-0.00754692216,,,0.996124031,-0.01283963235,,,0.996124031,-0.0206476244,,
